{
  "0x588282ADA5B9D872d0eBF506c5C1b541e2a60BBa": 7142.857143,
  "0xe107f0FfB7FBC701b00CEcc3E8d003339E271b93": 255.1020408,
  "0x10AD3Fc9eE37acCdA9E58439C53B8A564C31eC5b": 7653.061224,
  "0xd82C6E486FBd0Be55fD5589532aF8D69aB29C1AA": 1520.326531,
  "0xAB81310CC76e6526D322D344Fe446C375C0af054": 2040.816327,
  "0xe345e9605391c13Fd2502e7141D54b752AaDB184": 5102.040816,
  "0xB8C400E4E9360ae7a3480A2F63e2A5aA85696148": 663.2653061,
  "0x71e41D0dFeA7ca196c7B104F01EfFd1102af9694": 19642.85714,
  "0x832d7aed44ff0396770Be2F2f3603153A8c787E9": 5102.040816,
  "0x2acfd61F1ccbE5F8fF1fF34a6eC2958685b8Fc89": 612.244898,
  "0x87997a32A5Ba852D95CFC7c803B3b3371B223aE2": 5102.040816,
  "0x0d27AD08BC0Fd7b35a075df3373273de12d0E830": 153.0612245,
  "0x14d62c8faC60d71714F54bd3f7dF18433475968b": 5408.163265,
  "0x231296fdE7eCEaAc5260e55ea0BC812c2118E4A0": 1838.520408,
  "0x9A6Bd26aA38b43D85d98EA03Fb734D24585b743D": 2030.530612,
  "0x779731032c24356199a7baaFae20f4271c0Ccc80": 153.0612245,
  "0x08e19c5B9667FA2d49A6709482aa5aC0C4a7b198": 306.122449,
  "0xfED4FEd3C90C4e93D203D25EF2B148C863b68356": 2653.061224,
  "0x387a652c87A2571b93EF4dECc61BEB74A5970582": 1377.55102,
  "0x228900C0263B6Ac19E66fF491E30c83d3473a2d8": 1989.795918,
  "0xF2E1A88af3D6cDdD60B9c43CeE53d655cBa40b2c": 3571.428571,
  "0x01006072319f6AD590A380cfA7E527EE909aF8Ef": 7142.857143,
  "0xb7E52Deb991c2b6d269eFDE592f4CffEb3D71016": 10204.08163,
  "0x3864546167b928a5B406b320a9f926bd7c57beaF": 10204.08163,
  "0xa4c06E5d152ddc0e1C6C4a52C50Cc22b2c9ea8d0": 10204.08163
}
